2024-09-06 11:32:02.698,f1f16500000007
2024-09-06 11:56:05.967,f1f1030000000b009c6e04ffffffff000400
2024-09-06 11:56:06.068,f1f1030000000b009c6e04ffffffff000400
2024-09-06 11:56:06.170,f1f1030000000b009c6e04ffffffff000400
2024-09-06 11:56:06.270,f1f1030000000b009c6e04ffffffff000400
2024-09-06 11:56:06.380,f1f1030000000b009c6e04ffffffff000400
2024-09-06 11:56:06.472,f1f1030000000b009c6e04ffffffff000400
2024-09-06 11:56:06.573,f1f1030000000b009c6e04ffffffff000400
2024-09-06 11:56:06.674,f1f1030000000b009c6e04ffffffff000400
2024-09-06 11:56:06.775,f1f1030000000b009c6e04ffffffff000400
2024-09-06 11:56:06.875,f1f1030000000b009c6e04ffffffff000400
2024-09-06 11:56:06.977,f1f1030000000b009c6e04ffffffff000400
2024-09-06 11:56:07.078,f1f1030000000b009c6e04ffffffff000400
2024-09-06 11:56:07.179,f1f1030000000b009c6e04ffffffff000400
2024-09-06 11:56:07.280,f1f1030000000b009c6e04ffffffff000400
2024-09-06 11:56:07.381,f1f1030000000b009c6e04ffffffff000400
2024-09-06 11:56:07.482,f1f1030000000b009c6e04ffffffff000400
2024-09-06 11:56:07.583,f1f1030000000b009c6e04ffffffff000400
2024-09-06 11:56:07.684,f1f1030000000b009c6e04ffffffff000400
2024-09-06 11:56:07.785,f1f1030000000b009c6e04ffffffff000400
2024-09-06 11:56:07.885,f1f1030000000b009c6e04ffffffff000400
2024-09-06 11:56:07.987,f1f1030000000b009c6e04ffffffff000400
2024-09-06 11:56:08.088,f1f1030000000b009c6e04ffffffff000400
2024-09-06 11:56:08.189,f1f1030000000b009c6e04ffffffff000400
2024-09-06 11:56:08.290,f1f1030000000b009c6e04ffffffff000400
2024-09-06 11:56:08.391,f1f1030000000b009c6e04ffffffff000400
2024-09-06 11:56:08.492,f1f1030000000b009c6e04ffffffff000400
2024-09-06 11:56:08.593,f1f1030000000b009c6e04ffffffff000400
2024-09-06 11:56:08.694,f1f1030000000b009c6e04ffffffff000400
2024-09-06 11:56:08.794,f1f1030000000b009c6e04ffffffff000400
2024-09-06 11:56:08.895,f1f1030000000b009c6e04ffffffff000400
2024-09-06 11:56:08.996,f1f1030000000b009c6e04ffffffff000400
2024-09-06 11:56:09.097,f1f1030000000b009c6e04ffffffff000400
2024-09-06 11:56:09.198,f1f1030000000b009c6e04ffffffff000400
2024-09-06 11:56:09.299,f1f1030000000b009c6e04ffffffff000400
2024-09-06 11:56:09.400,f1f1030000000b009c6e04ffffffff000400
2024-09-06 11:56:09.502,f1f1030000000b009c6e04ffffffff000400
2024-09-06 11:56:09.603,f1f1030000000b009c6e04ffffffff000400
2024-09-06 11:56:09.704,f1f1030000000b009c6e04ffffffff000400
2024-09-06 11:56:09.805,f1f1030000000b009c6e04ffffffff000400
2024-09-06 11:56:09.906,f1f1030000000b009c6e04ffffffff000400
2024-09-06 11:56:10.008,f1f1030000000b009c6e04ffffffff000400
2024-09-06 11:56:10.108,f1f1030000000b009c6e04ffffffff000400
2024-09-06 11:56:10.209,f1f1030000000b009c6e04ffffffff000400
2024-09-06 11:56:10.310,f1f1030000000b009c6e04ffffffff000400
2024-09-06 11:56:10.411,f1f1030000000b009c6e04ffffffff000400
2024-09-06 11:56:10.511,f1f1030000000b009c6e04ffffffff000400
2024-09-06 11:56:10.613,f1f1030000000b009c6e04ffffffff000400
2024-09-06 11:56:10.713,f1f1030000000b009c6e04ffffffff000400
2024-09-06 11:56:10.815,f1f1030000000b009c6e04ffffffff000400
2024-09-06 11:56:10.916,f1f1030000000b009c6e04ffffffff000400
2024-09-06 11:56:11.018,f1f1030000000b009c6e04ffffffff000400
2024-09-06 11:56:11.118,f1f1030000000b009c6e04ffffffff000400
2024-09-06 11:56:11.219,f1f1030000000b009c6e04ffffffff000400
2024-09-06 11:56:11.320,f1f1030000000b009c6e04ffffffff000400
2024-09-06 11:56:11.421,f1f1030000000b009c6e04ffffffff000400
2024-09-06 11:56:11.522,f1f1030000000b009c6e04ffffffff000400
2024-09-06 11:56:11.623,f1f1030000000b009c6e04ffffffff000400
2024-09-06 11:56:11.724,f1f1030000000b009c6e04ffffffff000400
2024-09-06 11:56:11.825,f1f1030000000b009c6e04ffffffff000400
2024-09-06 11:56:11.925,f1f1030000000b009c6e04ffffffff000400
2024-09-06 11:56:12.026,f1f1030000000b009c6e04ffffffff000400
2024-09-06 11:56:12.127,f1f1030000000b009c6e04ffffffff000400
2024-09-06 11:56:12.229,f1f1030000000b009c6e04ffffffff000400
2024-09-06 11:56:12.329,f1f1030000000b009c6e04ffffffff000400
2024-09-06 11:56:12.431,f1f1030000000b009c6e04ffffffff000400
2024-09-06 11:56:12.532,f1f1030000000b009c6e04ffffffff000400
2024-09-06 11:56:12.632,f1f1030000000b009c6e04ffffffff000400
2024-09-06 11:56:12.733,f1f1030000000b009c6e04ffffffff000400
2024-09-06 11:56:12.834,f1f1030000000b009c6e04ffffffff000400
2024-09-06 11:56:12.935,f1f1030000000b009c6e04ffffffff000400
2024-09-06 11:56:13.036,f1f1030000000b009c6e04ffffffff000400
2024-09-06 11:56:13.137,f1f1030000000b009c6e04ffffffff000400
2024-09-06 11:56:13.238,f1f1030000000b009c6e04ffffffff000400
2024-09-06 11:56:13.338,f1f1030000000b009c6e04ffffffff000400
2024-09-06 11:56:13.439,f1f1030000000b009c6e04ffffffff000400
2024-09-06 11:56:13.540,f1f1030000000b009c6e04ffffffff000400
2024-09-06 11:56:13.642,f1f1030000000b009c6e04ffffffff000400
2024-09-06 11:56:13.742,f1f1030000000b009c6e04ffffffff000400
2024-09-06 11:56:13.843,f1f1030000000b009c6e04ffffffff000400
2024-09-06 11:56:13.945,f1f1030000000b009c6e04ffffffff000400
2024-09-06 11:56:14.046,f1f1030000000b009c6e04ffffffff000400
2024-09-06 11:56:14.146,f1f1030000000b009c6e04ffffffff000400
2024-09-06 11:56:14.247,f1f1030000000b009c6e04ffffffff000400
2024-09-06 11:56:14.348,f1f1030000000b009c6e04ffffffff000400
2024-09-06 11:56:14.449,f1f1030000000b009c6e04ffffffff000400
2024-09-06 11:56:14.550,f1f1030000000b009c6e04ffffffff000400
2024-09-06 11:56:14.651,f1f1030000000b009c6e04ffffffff000400
2024-09-06 11:56:14.753,f1f1030000000b009c6e04ffffffff000400
2024-09-06 11:56:14.854,f1f1030000000b009c6e04ffffffff000400
2024-09-06 11:56:14.955,f1f1030000000b009c6e04ffffffff000400
2024-09-06 11:56:15.056,f1f1030000000b009c6e04ffffffff000400
2024-09-06 11:56:15.157,f1f1030000000b009c6e04ffffffff000400
2024-09-06 11:56:15.258,f1f1030000000b009c6e04ffffffff000400
2024-09-06 11:56:15.358,f1f1030000000b009c6e04ffffffff000400
2024-09-06 11:56:15.460,f1f1030000000b009c6e04ffffffff000400
2024-09-06 11:56:15.560,f1f1030000000b009c6e04ffffffff000400
2024-09-06 11:56:15.662,f1f1030000000b009c6e04ffffffff000400
2024-09-06 11:56:15.762,f1f1030000000b009c6e04ffffffff000400
2024-09-06 11:56:15.863,f1f1030000000b009c6e04ffffffff000400
2024-09-06 11:56:15.964,f1f1030000000b009c6e04ffffffff000400
2024-09-06 11:56:16.066,f1f1030000000b009c6e04ffffffff000400
2024-09-06 11:56:16.167,f1f1030000000b009c6e04ffffffff000400
2024-09-06 11:56:16.268,f1f1030000000b009c6e04ffffffff000400
2024-09-06 11:56:16.369,f1f1030000000b009c6e04ffffffff000400
2024-09-06 11:56:16.470,f1f1030000000b009c6e04ffffffff000400
2024-09-06 11:56:16.572,f1f1030000000b009c6e04ffffffff000400
2024-09-06 11:56:16.673,f1f1030000000b009c6e04ffffffff000400
2024-09-06 11:56:16.774,f1f1030000000b009c6e04ffffffff000400
2024-09-06 11:56:16.875,f1f1030000000b009c6e04ffffffff000400
2024-09-06 11:56:16.976,f1f1030000000b009c6e04ffffffff000400
2024-09-06 11:56:17.077,f1f1030000000b009c6e04ffffffff000400
2024-09-06 11:56:17.177,f1f1030000000b009c6e04ffffffff000400
2024-09-06 11:56:17.278,f1f1030000000b009c6e04ffffffff000400
2024-09-06 11:56:17.379,f1f1030000000b009c6e04ffffffff000400
2024-09-06 11:56:17.480,f1f1030000000b009c6e04ffffffff000400
2024-09-06 11:56:17.581,f1f1030000000b009c6e04ffffffff000400
2024-09-06 11:56:17.681,f1f1030000000b009c6e04ffffffff000400
2024-09-06 11:56:17.783,f1f1030000000b009c6e04ffffffff000400
2024-09-06 11:56:17.883,f1f1030000000b009c6e04ffffffff000400
2024-09-06 11:56:17.984,f1f1030000000b009c6e04ffffffff000400
2024-09-06 11:56:18.085,f1f1030000000b009c6e04ffffffff000400
2024-09-06 11:56:18.186,f1f1030000000b009c6e04ffffffff000400
2024-09-06 11:56:18.287,f1f1030000000b009c6e04ffffffff000400
2024-09-06 11:56:18.388,f1f1030000000b009c6e04ffffffff000400
2024-09-06 11:56:18.489,f1f1030000000b009c6e04ffffffff000400
2024-09-06 11:56:18.590,f1f1030000000b009c6e04ffffffff000400
2024-09-06 11:56:18.691,f1f1030000000b009c6e04ffffffff000400
2024-09-06 11:56:21.609,f1f1030000000b009c6e04ffffffff000400
2024-09-06 11:56:21.710,f1f1030000000b009c6e04ffffffff000400
2024-09-06 11:56:21.810,f1f1030000000b009c6e04ffffffff000400
2024-09-06 11:56:21.911,f1f1030000000b009c6e04ffffffff000400
2024-09-06 11:56:22.012,f1f1030000000b009c6e04ffffffff000400
2024-09-06 11:56:22.112,f1f1030000000b009c6e04ffffffff000400
2024-09-06 11:56:22.213,f1f1030000000b009c6e04ffffffff000400
2024-09-06 11:56:22.314,f1f1030000000b009c6e04ffffffff000400
2024-09-06 11:56:22.415,f1f1030000000b009c6e04ffffffff000400
2024-09-06 11:56:22.515,f1f1030000000b009c6e04ffffffff000400
2024-09-06 11:56:22.616,f1f1030000000b009c6e04ffffffff000400
2024-09-06 11:56:22.717,f1f1030000000b009c6e04ffffffff000400
2024-09-06 11:56:22.818,f1f1030000000b009c6e04ffffffff000400
2024-09-06 11:56:22.918,f1f1030000000b009c6e04ffffffff000400
2024-09-06 11:56:23.019,f1f1030000000b009c6e04ffffffff000400
2024-09-06 11:56:23.120,f1f1030000000b009c6e04ffffffff000400
2024-09-06 11:56:23.221,f1f1030000000b009c6e04ffffffff000400
2024-09-06 11:56:23.322,f1f1030000000b009c6e04ffffffff000400
2024-09-06 11:56:23.423,f1f1030000000b009c6e04ffffffff000400
2024-09-06 11:56:23.523,f1f1030000000b009c6e04ffffffff000400
2024-09-06 11:56:23.625,f1f1030000000b009c6e04ffffffff000400
2024-09-06 11:56:23.726,f1f1030000000b009c6e04ffffffff000400
2024-09-06 11:56:23.827,f1f1030000000b009c6e04ffffffff000400
2024-09-06 11:56:23.928,f1f1030000000b009c6e04ffffffff000400
2024-09-06 11:56:24.030,f1f1030000000b009c6e04ffffffff000400
2024-09-06 11:56:24.131,f1f1030000000b009c6e04ffffffff000400
2024-09-06 11:56:24.232,f1f1030000000b009c6e04ffffffff000400
2024-09-06 11:56:24.333,f1f1030000000b009c6e04ffffffff000400
2024-09-06 11:56:24.434,f1f1030000000b009c6e04ffffffff000400
2024-09-06 11:56:24.534,f1f1030000000b009c6e04ffffffff000400
2024-09-06 11:56:24.635,f1f1030000000b009c6e04ffffffff000400
2024-09-06 11:56:24.737,f1f1030000000b009c6e04ffffffff000400
2024-09-06 11:56:24.837,f1f1030000000b009c6e04ffffffff000400
2024-09-06 11:56:24.939,f1f1030000000b009c6e04ffffffff000400
2024-09-06 11:56:25.040,f1f1030000000b009c6e04ffffffff000400
2024-09-06 11:56:25.141,f1f1030000000b009c6e04ffffffff000400
2024-09-06 11:56:25.241,f1f1030000000b009c6e04ffffffff000400
2024-09-06 11:56:25.342,f1f1030000000b009c6e04ffffffff000400
2024-09-06 11:56:25.443,f1f1030000000b009c6e04ffffffff000400
2024-09-06 11:56:25.544,f1f1030000000b009c6e04ffffffff000400
2024-09-06 11:56:25.645,f1f1030000000b009c6e04ffffffff000400
2024-09-06 11:56:25.746,f1f1030000000b009c6e04ffffffff000400
2024-09-06 11:56:25.847,f1f1030000000b009c6e04ffffffff000400
2024-09-06 11:56:25.948,f1f1030000000b009c6e04ffffffff000400
2024-09-06 11:56:26.049,f1f1030000000b009c6e04ffffffff000400
2024-09-06 11:56:26.149,f1f1030000000b009c6e04ffffffff000400
2024-09-06 11:56:26.250,f1f1030000000b009c6e04ffffffff000400
2024-09-06 11:56:26.352,f1f1030000000b009c6e04ffffffff000400
2024-09-06 11:56:26.452,f1f1030000000b009c6e04ffffffff000400
2024-09-06 11:56:26.553,f1f1030000000b009c6e04ffffffff000400
2024-09-06 11:56:26.654,f1f1030000000b009c6e04ffffffff000400
2024-09-06 11:56:26.754,f1f1030000000b009c6e04ffffffff000400
2024-09-06 11:56:26.856,f1f1030000000b009c6e04ffffffff000400
2024-09-06 11:56:26.957,f1f1030000000b009c6e04ffffffff000400
2024-09-06 11:56:27.058,f1f1030000000b009c6e04ffffffff000400
2024-09-06 11:56:27.160,f1f1030000000b009c6e04ffffffff000400
2024-09-06 11:56:27.261,f1f1030000000b009c6e04ffffffff000400
2024-09-06 11:56:27.362,f1f1030000000b009c6e04ffffffff000400
2024-09-06 11:56:27.462,f1f1030000000b009c6e04ffffffff000400
2024-09-06 11:56:27.563,f1f1030000000b009c6e04ffffffff000400
2024-09-06 11:56:27.664,f1f1030000000b009c6e04ffffffff000400
2024-09-06 11:56:27.765,f1f1030000000b009c6e04ffffffff000400
2024-09-06 11:56:27.865,f1f1030000000b009c6e04ffffffff000400
2024-09-06 11:56:27.966,f1f1030000000b009c6e04ffffffff000400
2024-09-06 11:56:28.067,f1f1030000000b009c6e04ffffffff000400
2024-09-06 11:56:28.168,f1f1030000000b009c6e04ffffffff000400
2024-09-06 11:56:28.268,f1f1030000000b009c6e04ffffffff000400
2024-09-06 11:56:28.369,f1f1030000000b009c6e04ffffffff000400
2024-09-06 11:56:28.471,f1f1030000000b009c6e04ffffffff000400
2024-09-06 11:56:28.572,f1f1030000000b009c6e04ffffffff000400
2024-09-06 11:56:28.672,f1f1030000000b009c6e04ffffffff000400
2024-09-06 11:56:28.774,f1f1030000000b009c6e04ffffffff000400
2024-09-06 11:56:28.874,f1f1030000000b009c6e04ffffffff000400
2024-09-06 11:56:28.976,f1f1030000000b009c6e04ffffffff000400
2024-09-06 11:56:29.076,f1f1030000000b009c6e04ffffffff000400
2024-09-06 11:56:29.177,f1f1030000000b009c6e04ffffffff000400
2024-09-06 11:56:29.278,f1f1030000000b009c6e04ffffffff000400
2024-09-06 11:56:29.380,f1f1030000000b009c6e04ffffffff000400
2024-09-06 11:56:29.480,f1f1030000000b009c6e04ffffffff000400
2024-09-06 11:56:29.581,f1f1030000000b009c6e04ffffffff000400
2024-09-06 11:56:29.682,f1f1030000000b009c6e04ffffffff000400
2024-09-06 11:56:29.783,f1f1030000000b009c6e04ffffffff000400
2024-09-06 11:56:29.883,f1f1030000000b009c6e04ffffffff000400
2024-09-06 11:56:29.984,f1f1030000000b009c6e04ffffffff000400
2024-09-06 11:56:30.085,f1f1030000000b009c6e04ffffffff000400
2024-09-06 11:56:30.186,f1f1030000000b009c6e04ffffffff000400
2024-09-06 11:56:30.287,f1f1030000000b009c6e04ffffffff000400
2024-09-06 11:56:30.388,f1f1030000000b009c6e04ffffffff000400
2024-09-06 11:56:30.489,f1f1030000000b009c6e04ffffffff000400
2024-09-06 11:56:30.590,f1f1030000000b009c6e04ffffffff000400
2024-09-06 11:56:30.691,f1f1030000000b009c6e04ffffffff000400
2024-09-06 11:56:30.791,f1f1030000000b009c6e04ffffffff000400
2024-09-06 11:56:30.893,f1f1030000000b009c6e04ffffffff000400
2024-09-06 11:56:30.994,f1f1030000000b009c6e04ffffffff000400
2024-09-06 11:56:31.095,f1f1030000000b009c6e04ffffffff000400
2024-09-06 11:56:31.196,f1f1030000000b009c6e04ffffffff000400
2024-09-06 11:56:31.297,f1f1030000000b009c6e04ffffffff000400
2024-09-06 11:56:31.398,f1f1030000000b009c6e04ffffffff000400
2024-09-06 11:56:31.499,f1f1030000000b009c6e04ffffffff000400
2024-09-06 11:56:31.601,f1f1030000000b009c6e04ffffffff000400
2024-09-06 11:56:31.702,f1f1030000000b009c6e04ffffffff000400
2024-09-06 11:56:31.803,f1f1030000000b009c6e04ffffffff000400
2024-09-06 11:56:31.904,f1f1030000000b009c6e04ffffffff000400
2024-09-06 11:56:32.005,f1f1030000000b009c6e04ffffffff000400
2024-09-06 11:56:32.105,f1f1030000000b009c6e04ffffffff000400
2024-09-06 11:56:32.207,f1f1030000000b009c6e04ffffffff000400
2024-09-06 11:56:32.307,f1f1030000000b009c6e04ffffffff000400
2024-09-06 11:56:32.408,f1f1030000000b009c6e04ffffffff000400
2024-09-06 11:56:32.510,f1f1030000000b009c6e04ffffffff000400
2024-09-06 11:56:32.610,f1f1030000000b009c6e04ffffffff000400
2024-09-06 11:56:32.712,f1f1030000000b009c6e04ffffffff000400
2024-09-06 11:56:32.813,f1f1030000000b009c6e04ffffffff000400
2024-09-06 11:56:32.914,f1f1030000000b009c6e04ffffffff000400
2024-09-06 11:56:33.015,f1f1030000000b009c6e04ffffffff000400
2024-09-06 11:56:33.116,f1f1030000000b009c6e04ffffffff000400
2024-09-06 11:56:33.218,f1f1030000000b009c6e04ffffffff000400
2024-09-06 11:56:33.319,f1f1030000000b009c6e04ffffffff000400
2024-09-06 11:56:33.419,f1f1030000000b009c6e04ffffffff000400
2024-09-06 11:56:33.520,f1f1030000000b009c6e04ffffffff000400
2024-09-06 11:56:33.621,f1f1030000000b009c6e04ffffffff000400
2024-09-06 11:56:33.722,f1f1030000000b009c6e04ffffffff000400
2024-09-06 11:56:33.823,f1f1030000000b009c6e04ffffffff000400
2024-09-06 11:56:33.924,f1f1030000000b009c6e04ffffffff000400
2024-09-06 11:56:34.025,f1f1030000000b009c6e04ffffffff000400
2024-09-06 11:56:34.126,f1f1030000000b009c6e04ffffffff000400
2024-09-06 11:56:34.227,f1f1030000000b009c6e04ffffffff000400
2024-09-06 11:56:34.328,f1f1030000000b009c6e04ffffffff000400
2024-09-06 11:56:34.428,f1f1030000000b009c6e04ffffffff000400
2024-09-06 11:56:34.529,f1f1030000000b009c6e04ffffffff000400
2024-09-06 11:56:34.630,f1f1030000000b009c6e04ffffffff000400
2024-09-06 11:56:34.731,f1f1030000000b009c6e04ffffffff000400
2024-09-06 11:56:34.831,f1f1030000000b009c6e04ffffffff000400
2024-09-06 11:56:34.932,f1f1030000000b009c6e04ffffffff000400
2024-09-06 11:56:35.033,f1f1030000000b009c6e04ffffffff000400
2024-09-06 11:56:35.134,f1f1030000000b009c6e04ffffffff000400
2024-09-06 11:56:35.235,f1f1030000000b009c6e04ffffffff000400
2024-09-06 11:56:35.336,f1f1030000000b009c6e04ffffffff000400
2024-09-06 11:56:35.437,f1f1030000000b009c6e04ffffffff000400
2024-09-06 11:56:35.537,f1f1030000000b009c6e04ffffffff000400
2024-09-06 11:56:35.638,f1f1030000000b009c6e04ffffffff000400
2024-09-06 11:56:35.739,f1f1030000000b009c6e04ffffffff000400
2024-09-06 11:56:35.840,f1f1030000000b009c6e04ffffffff000400
2024-09-06 11:56:35.942,f1f1030000000b009c6e04ffffffff000400
2024-09-06 11:56:36.043,f1f1030000000b009c6e04ffffffff000400
2024-09-06 11:56:36.144,f1f1030000000b009c6e04ffffffff000400
2024-09-06 11:56:36.245,f1f1030000000b009c6e04ffffffff000400
2024-09-06 11:56:36.346,f1f1030000000b009c6e04ffffffff000400
2024-09-06 11:56:36.447,f1f1030000000b009c6e04ffffffff000400
2024-09-06 11:56:36.548,f1f1030000000b009c6e04ffffffff000400
2024-09-06 11:56:36.649,f1f1030000000b009c6e04ffffffff000400
2024-09-06 11:56:36.750,f1f1030000000b009c6e04ffffffff000400
2024-09-06 11:56:36.851,f1f1030000000b009c6e04ffffffff000400
2024-09-06 11:56:36.952,f1f1030000000b009c6e04ffffffff000400
2024-09-06 11:56:37.053,f1f1030000000b009c6e04ffffffff000400
2024-09-06 11:56:37.154,f1f1030000000b009c6e04ffffffff000400
2024-09-06 11:56:37.255,f1f1030000000b009c6e04ffffffff000400
2024-09-06 11:56:37.356,f1f1030000000b009c6e04ffffffff000400
2024-09-06 11:56:37.457,f1f1030000000b009c6e04ffffffff000400
2024-09-06 11:56:37.558,f1f1030000000b009c6e04ffffffff000400
2024-09-06 11:56:37.659,f1f1030000000b009c6e04ffffffff000400
2024-09-06 11:56:37.760,f1f1030000000b009c6e04ffffffff000400
2024-09-06 11:56:37.861,f1f1030000000b009c6e04ffffffff000400
2024-09-06 11:56:37.962,f1f1030000000b009c6e04ffffffff000400
2024-09-06 11:56:38.063,f1f1030000000b009c6e04ffffffff000400
2024-09-06 11:56:38.164,f1f1030000000b009c6e04ffffffff000400
2024-09-06 11:56:38.265,f1f1030000000b009c6e04ffffffff000400
2024-09-06 11:56:38.365,f1f1030000000b009c6e04ffffffff000400
2024-09-06 11:56:38.466,f1f1030000000b009c6e04ffffffff000400
2024-09-06 11:56:38.566,f1f1030000000b009c6e04ffffffff000400
2024-09-06 11:56:38.667,f1f1030000000b009c6e04ffffffff000400
2024-09-06 11:56:38.768,f1f1030000000b009c6e04ffffffff000400
2024-09-06 11:56:38.869,f1f1030000000b009c6e04ffffffff000400
2024-09-06 11:56:38.970,f1f1030000000b009c6e04ffffffff000400
2024-09-06 11:56:39.071,f1f1030000000b009c6e04ffffffff000400
2024-09-06 11:56:39.172,f1f1030000000b009c6e04ffffffff000400
2024-09-06 11:56:39.273,f1f1030000000b009c6e04ffffffff000400
2024-09-06 11:56:39.374,f1f1030000000b009c6e04ffffffff000400
2024-09-06 11:56:39.475,f1f1030000000b009c6e04ffffffff000400
2024-09-06 11:56:39.576,f1f1030000000b009c6e04ffffffff000400
2024-09-06 11:56:39.677,f1f1030000000b009c6e04ffffffff000400
2024-09-06 11:56:39.777,f1f1030000000b009c6e04ffffffff000400
2024-09-06 11:56:39.879,f1f1030000000b009c6e04ffffffff000400
2024-09-06 11:56:39.980,f1f1030000000b009c6e04ffffffff000400
2024-09-06 11:56:40.081,f1f1030000000b009c6e04ffffffff000400
2024-09-06 11:56:40.181,f1f1030000000b009c6e04ffffffff000400
2024-09-06 11:56:40.283,f1f1030000000b009c6e04ffffffff000400
2024-09-06 11:56:40.384,f1f1030000000b009c6e04ffffffff000400
2024-09-06 11:56:40.485,f1f1030000000b009c6e04ffffffff000400
2024-09-06 11:56:40.585,f1f1030000000b009c6e04ffffffff000400
2024-09-06 11:56:40.686,f1f1030000000b009c6e04ffffffff000400
2024-09-06 11:56:40.787,f1f1030000000b009c6e04ffffffff000400
2024-09-06 11:56:40.888,f1f1030000000b009c6e04ffffffff000400
2024-09-06 11:56:40.989,f1f1030000000b009c6e04ffffffff000400
2024-09-06 11:56:41.090,f1f1030000000b009c6e04ffffffff000400
2024-09-06 11:56:41.191,f1f1030000000b009c6e04ffffffff000400
2024-09-06 11:56:41.292,f1f1030000000b009c6e04ffffffff000400
2024-09-06 11:56:41.393,f1f1030000000b009c6e04ffffffff000400
2024-09-06 11:56:41.494,f1f1030000000b009c6e04ffffffff000400
2024-09-06 11:56:41.595,f1f1030000000b009c6e04ffffffff000400
2024-09-06 11:56:41.696,f1f1030000000b009c6e04ffffffff000400
2024-09-06 11:56:41.796,f1f1030000000b009c6e04ffffffff000400
2024-09-06 11:56:41.897,f1f1030000000b009c6e04ffffffff000400
2024-09-06 11:56:41.998,f1f1030000000b009c6e04ffffffff000400
2024-09-06 11:56:42.099,f1f1030000000b009c6e04ffffffff000400
2024-09-06 11:56:42.201,f1f1030000000b009c6e04ffffffff000400
2024-09-06 11:56:42.302,f1f1030000000b009c6e04ffffffff000400
2024-09-06 11:56:42.404,f1f1030000000b009c6e04ffffffff000400
2024-09-06 11:56:42.504,f1f1030000000b009c6e04ffffffff000400
2024-09-06 11:56:42.606,f1f1030000000b009c6e04ffffffff000400
2024-09-06 11:56:42.706,f1f1030000000b009c6e04ffffffff000400
2024-09-06 11:56:42.807,f1f1030000000b009c6e04ffffffff000400
2024-09-06 11:56:42.909,f1f1030000000b009c6e04ffffffff000400
2024-09-06 11:56:43.008,f1f1030000000b009c6e04ffffffff000400
2024-09-06 11:56:43.109,f1f1030000000b009c6e04ffffffff000400
2024-09-06 11:56:43.210,f1f1030000000b009c6e04ffffffff000400
2024-09-06 11:56:43.311,f1f1030000000b009c6e04ffffffff000400
2024-09-06 11:56:43.412,f1f1030000000b009c6e04ffffffff000400
2024-09-06 11:56:43.513,f1f1030000000b009c6e04ffffffff000400
2024-09-06 11:56:43.614,f1f1030000000b009c6e04ffffffff000400
2024-09-06 11:56:43.715,f1f1030000000b009c6e04ffffffff000400
2024-09-06 11:56:43.816,f1f1030000000b009c6e04ffffffff000400
2024-09-06 11:56:43.917,f1f1030000000b009c6e04ffffffff000400
2024-09-06 11:56:44.017,f1f1030000000b009c6e04ffffffff000400
2024-09-06 11:56:44.118,f1f1030000000b009c6e04ffffffff000400
2024-09-06 11:56:44.219,f1f1030000000b009c6e04ffffffff000400
2024-09-06 11:56:44.319,f1f1030000000b009c6e04ffffffff000400
2024-09-06 11:56:44.421,f1f1030000000b009c6e04ffffffff000400
2024-09-06 11:56:44.521,f1f1030000000b009c6e04ffffffff000400
2024-09-06 11:56:44.622,f1f1030000000b009c6e04ffffffff000400
2024-09-06 11:56:44.723,f1f1030000000b009c6e04ffffffff000400
2024-09-06 11:56:44.824,f1f1030000000b009c6e04ffffffff000400
2024-09-06 11:56:44.925,f1f1030000000b009c6e04ffffffff000400
2024-09-06 11:56:45.025,f1f1030000000b009c6e04ffffffff000400
2024-09-06 11:56:45.127,f1f1030000000b009c6e04ffffffff000400
2024-09-06 11:56:45.228,f1f1030000000b009c6e04ffffffff000400
2024-09-06 11:56:45.329,f1f1030000000b009c6e04ffffffff000400
2024-09-06 11:56:45.429,f1f1030000000b009c6e04ffffffff000400
2024-09-06 11:56:45.530,f1f1030000000b009c6e04ffffffff000400
2024-09-06 11:56:45.631,f1f1030000000b009c6e04ffffffff000400
2024-09-06 11:56:45.732,f1f1030000000b009c6e04ffffffff000400
2024-09-06 11:56:45.833,f1f1030000000b009c6e04ffffffff000400
2024-09-06 11:56:45.934,f1f1030000000b009c6e04ffffffff000400
2024-09-06 11:56:46.035,f1f1030000000b009c6e04ffffffff000400
2024-09-06 11:56:46.136,f1f1030000000b009c6e04ffffffff000400
2024-09-06 11:56:46.237,f1f1030000000b009c6e04ffffffff000400
2024-09-06 11:56:46.337,f1f1030000000b009c6e04ffffffff000400
2024-09-06 11:56:46.438,f1f1030000000b009c6e04ffffffff000400
2024-09-06 11:56:46.539,f1f1030000000b009c6e04ffffffff000400
2024-09-06 11:56:46.640,f1f1030000000b009c6e04ffffffff000400
2024-09-06 11:56:46.741,f1f1030000000b009c6e04ffffffff000400
2024-09-06 11:56:46.842,f1f1030000000b009c6e04ffffffff000400
2024-09-06 11:56:46.943,f1f1030000000b009c6e04ffffffff000400
2024-09-06 11:56:47.044,f1f1030000000b009c6e04ffffffff000400
2024-09-06 11:56:47.145,f1f1030000000b009c6e04ffffffff000400
2024-09-06 11:56:47.245,f1f1030000000b009c6e04ffffffff000400
2024-09-06 11:56:47.346,f1f1030000000b009c6e04ffffffff000400
2024-09-06 11:56:47.448,f1f1030000000b009c6e04ffffffff000400
2024-09-06 11:56:47.549,f1f1030000000b009c6e04ffffffff000400
2024-09-06 11:56:47.650,f1f1030000000b009c6e04ffffffff000400
2024-09-06 11:56:47.751,f1f1030000000b009c6e04ffffffff000400
2024-09-06 11:56:47.852,f1f1030000000b009c6e04ffffffff000400
2024-09-06 11:56:47.953,f1f1030000000b009c6e04ffffffff000400
2024-09-06 11:56:48.055,f1f1030000000b009c6e04ffffffff000400
2024-09-06 11:56:48.156,f1f1030000000b009c6e04ffffffff000400
2024-09-06 11:56:48.256,f1f1030000000b009c6e04ffffffff000400
2024-09-06 11:56:48.357,f1f1030000000b009c6e04ffffffff000400
2024-09-06 11:56:48.458,f1f1030000000b009c6e04ffffffff000400
2024-09-06 11:56:48.558,f1f1030000000b009c6e04ffffffff000400
2024-09-06 11:56:48.659,f1f1030000000b009c6e04ffffffff000400
2024-09-06 11:56:48.760,f1f1030000000b009c6e04ffffffff000400
2024-09-06 11:56:48.861,f1f1030000000b009c6e04ffffffff000400
2024-09-06 11:56:48.962,f1f1030000000b009c6e04ffffffff000400
2024-09-06 11:56:49.063,f1f1030000000b009c6e04ffffffff000400
2024-09-06 11:56:49.163,f1f1030000000b009c6e04ffffffff000400
2024-09-06 11:56:49.264,f1f1030000000b009c6e04ffffffff000400
2024-09-06 11:56:49.365,f1f1030000000b009c6e04ffffffff000400
2024-09-06 11:56:49.466,f1f1030000000b009c6e04ffffffff000400
2024-09-06 11:56:49.567,f1f1030000000b009c6e04ffffffff000400
2024-09-06 11:56:49.668,f1f1030000000b009c6e04ffffffff000400
2024-09-06 11:56:49.769,f1f1030000000b009c6e04ffffffff000400
2024-09-06 11:56:49.870,f1f1030000000b009c6e04ffffffff000400
2024-09-06 11:56:49.972,f1f1030000000b009c6e04ffffffff000400
2024-09-06 11:56:50.073,f1f1030000000b009c6e04ffffffff000400
2024-09-06 11:56:50.174,f1f1030000000b009c6e04ffffffff000400
2024-09-06 11:56:50.274,f1f1030000000b009c6e04ffffffff000400
2024-09-06 11:56:50.375,f1f1030000000b009c6e04ffffffff000400
2024-09-06 11:56:50.476,f1f1030000000b009c6e04ffffffff000400
2024-09-06 11:56:50.577,f1f1030000000b009c6e04ffffffff000400
2024-09-06 11:56:50.678,f1f1030000000b009c6e04ffffffff000400
2024-09-06 11:56:50.779,f1f1030000000b009c6e04ffffffff000400
2024-09-06 11:56:50.880,f1f1030000000b009c6e04ffffffff000400
2024-09-06 11:56:50.981,f1f1030000000b009c6e04ffffffff000400
2024-09-06 11:56:51.081,f1f1030000000b009c6e04ffffffff000400
2024-09-06 11:56:51.182,f1f1030000000b009c6e04ffffffff000400
2024-09-06 11:56:51.283,f1f1030000000b009c6e04ffffffff000400
2024-09-06 11:56:51.384,f1f1030000000b009c6e04ffffffff000400
2024-09-06 11:56:51.485,f1f1030000000b009c6e04ffffffff000400
2024-09-06 11:56:51.586,f1f1030000000b009c6e04ffffffff000400
2024-09-06 11:56:51.687,f1f1030000000b009c6e04ffffffff000400
2024-09-06 11:56:51.787,f1f1030000000b009c6e04ffffffff000400
2024-09-06 11:56:51.888,f1f1030000000b009c6e04ffffffff000400
2024-09-06 11:56:51.989,f1f1030000000b009c6e04ffffffff000400
2024-09-06 11:56:52.090,f1f1030000000b009c6e04ffffffff000400
2024-09-06 11:56:52.191,f1f1030000000b009c6e04ffffffff000400
2024-09-06 11:56:52.292,f1f1030000000b009c6e04ffffffff000400
2024-09-06 11:56:52.393,f1f1030000000b009c6e04ffffffff000400
2024-09-06 11:56:52.494,f1f1030000000b009c6e04ffffffff000400
2024-09-06 11:56:52.595,f1f1030000000b009c6e04ffffffff000400
2024-09-06 11:56:52.696,f1f1030000000b009c6e04ffffffff000400
2024-09-06 11:56:52.798,f1f1030000000b009c6e04ffffffff000400
2024-09-06 11:56:52.899,f1f1030000000b009c6e04ffffffff000400
2024-09-06 11:56:53.000,f1f1030000000b009c6e04ffffffff000400
2024-09-06 11:56:53.101,f1f1030000000b009c6e04ffffffff000400
2024-09-06 11:56:53.201,f1f1030000000b009c6e04ffffffff000400
2024-09-06 11:56:53.302,f1f1030000000b009c6e04ffffffff000400
2024-09-06 11:56:53.403,f1f1030000000b009c6e04ffffffff000400
2024-09-06 11:56:53.504,f1f1030000000b009c6e04ffffffff000400
2024-09-06 11:56:53.605,f1f1030000000b009c6e04ffffffff000400
2024-09-06 11:56:53.706,f1f1030000000b009c6e04ffffffff000400
2024-09-06 11:56:53.806,f1f1030000000b009c6e04ffffffff000400
2024-09-06 11:56:53.907,f1f1030000000b009c6e04ffffffff000400
2024-09-06 11:56:54.008,f1f1030000000b009c6e04ffffffff000400
2024-09-06 11:56:54.109,f1f1030000000b009c6e04ffffffff000400
2024-09-06 11:56:54.209,f1f1030000000b009c6e04ffffffff000400
2024-09-06 11:56:54.310,f1f1030000000b009c6e04ffffffff000400
2024-09-06 11:56:54.411,f1f1030000000b009c6e04ffffffff000400
2024-09-06 11:56:54.512,f1f1030000000b009c6e04ffffffff000400
2024-09-06 11:56:54.613,f1f1030000000b009c6e04ffffffff000400
2024-09-06 11:56:54.714,f1f1030000000b009c6e04ffffffff000400
2024-09-06 11:56:54.815,f1f1030000000b009c6e04ffffffff000400
2024-09-06 11:56:54.916,f1f1030000000b009c6e04ffffffff000400
2024-09-06 11:56:55.017,f1f1030000000b009c6e04ffffffff000400
2024-09-06 11:56:55.117,f1f1030000000b009c6e04ffffffff000400
2024-09-06 11:56:55.218,f1f1030000000b009c6e04ffffffff000400
2024-09-06 11:56:55.319,f1f1030000000b009c6e04ffffffff000400
2024-09-06 11:56:55.419,f1f1030000000b009c6e04ffffffff000400
2024-09-06 11:56:55.520,f1f1030000000b009c6e04ffffffff000400
2024-09-06 11:56:55.621,f1f1030000000b009c6e04ffffffff000400
2024-09-06 11:56:55.722,f1f1030000000b009c6e04ffffffff000400
2024-09-06 11:56:55.823,f1f1030000000b009c6e04ffffffff000400
2024-09-06 11:56:55.924,f1f1030000000b009c6e04ffffffff000400
2024-09-06 11:56:56.025,f1f1030000000b009c6e04ffffffff000400
2024-09-06 11:56:56.126,f1f1030000000b009c6e04ffffffff000400
2024-09-06 11:56:56.227,f1f1030000000b009c6e04ffffffff000400
2024-09-06 11:56:56.327,f1f1030000000b009c6e04ffffffff000400
2024-09-06 11:56:56.428,f1f1030000000b009c6e04ffffffff000400
2024-09-06 11:56:56.529,f1f1030000000b009c6e04ffffffff000400
2024-09-06 11:56:56.630,f1f1030000000b009c6e04ffffffff000400
2024-09-06 11:56:56.731,f1f1030000000b009c6e04ffffffff000400
2024-09-06 11:56:56.832,f1f1030000000b009c6e04ffffffff000400
2024-09-06 11:56:56.932,f1f1030000000b009c6e04ffffffff000400
2024-09-06 11:56:57.033,f1f1030000000b009c6e04ffffffff000400
2024-09-06 11:56:57.134,f1f1030000000b009c6e04ffffffff000400
2024-09-06 11:56:57.234,f1f1030000000b009c6e04ffffffff000400
2024-09-06 11:56:57.335,f1f1030000000b009c6e04ffffffff000400
2024-09-06 11:56:57.436,f1f1030000000b009c6e04ffffffff000400
2024-09-06 11:56:57.537,f1f1030000000b009c6e04ffffffff000400
2024-09-06 11:56:57.637,f1f1030000000b009c6e04ffffffff000400
2024-09-06 11:56:57.739,f1f1030000000b009c6e04ffffffff000400
2024-09-06 11:56:57.840,f1f1030000000b009c6e04ffffffff000400
2024-09-06 11:56:57.941,f1f1030000000b009c6e04ffffffff000400
2024-09-06 11:56:58.042,f1f1030000000b009c6e04ffffffff000400
2024-09-06 11:56:58.144,f1f1030000000b009c6e04ffffffff000400
2024-09-06 11:56:58.245,f1f1030000000b009c6e04ffffffff000400
2024-09-06 11:56:58.346,f1f1030000000b009c6e04ffffffff000400
2024-09-06 11:56:58.447,f1f1030000000b009c6e04ffffffff000400
2024-09-06 11:56:58.548,f1f1030000000b009c6e04ffffffff000400
2024-09-06 11:56:58.648,f1f1030000000b009c6e04ffffffff000400
2024-09-06 11:56:58.750,f1f1030000000b009c6e04ffffffff000400
2024-09-06 11:56:58.850,f1f1030000000b009c6e04ffffffff000400
2024-09-06 11:56:58.951,f1f1030000000b009c6e04ffffffff000400
2024-09-06 11:56:59.053,f1f1030000000b009c6e04ffffffff000400
2024-09-06 11:56:59.154,f1f1030000000b009c6e04ffffffff000400
2024-09-06 11:56:59.255,f1f1030000000b009c6e04ffffffff000400
2024-09-06 11:56:59.356,f1f1030000000b009c6e04ffffffff000400
2024-09-06 11:56:59.457,f1f1030000000b009c6e04ffffffff000400
2024-09-06 11:56:59.558,f1f1030000000b009c6e04ffffffff000400
2024-09-06 11:56:59.658,f1f1030000000b009c6e04ffffffff000400
2024-09-06 11:56:59.760,f1f1030000000b009c6e04ffffffff000400
2024-09-06 11:56:59.861,f1f1030000000b009c6e04ffffffff000400
2024-09-06 11:56:59.963,f1f1030000000b009c6e04ffffffff000400
2024-09-06 11:57:00.063,f1f1030000000b009c6e04ffffffff000400
2024-09-06 11:57:00.165,f1f1030000000b009c6e04ffffffff000400
2024-09-06 11:57:00.265,f1f1030000000b009c6e04ffffffff000400
2024-09-06 11:57:00.367,f1f1030000000b009c6e04ffffffff000400
2024-09-06 11:57:00.467,f1f1030000000b009c6e04ffffffff000400
2024-09-06 11:57:00.569,f1f1030000000b009c6e04ffffffff000400
2024-09-06 11:57:00.669,f1f1030000000b009c6e04ffffffff000400
2024-09-06 11:57:00.770,f1f1030000000b009c6e04ffffffff000400
2024-09-06 11:57:00.871,f1f1030000000b009c6e04ffffffff000400
2024-09-06 11:57:00.973,f1f1030000000b009c6e04ffffffff000400
2024-09-06 11:57:01.073,f1f1030000000b009c6e04ffffffff000400
2024-09-06 11:57:01.174,f1f1030000000b009c6e04ffffffff000400
2024-09-06 11:57:01.275,f1f1030000000b009c6e04ffffffff000400
2024-09-06 11:57:01.376,f1f1030000000b009c6e04ffffffff000400
2024-09-06 11:57:01.477,f1f1030000000b009c6e04ffffffff000400
2024-09-06 11:57:01.579,f1f1030000000b009c6e04ffffffff000400
2024-09-06 11:57:01.680,f1f1030000000b009c6e04ffffffff000400
2024-09-06 11:57:01.781,f1f1030000000b009c6e04ffffffff000400
2024-09-06 11:57:01.882,f1f1030000000b009c6e04ffffffff000400
2024-09-06 11:57:01.983,f1f1030000000b009c6e04ffffffff000400
2024-09-06 11:57:02.084,f1f1030000000b009c6e04ffffffff000400
2024-09-06 11:57:02.185,f1f1030000000b009c6e04ffffffff000400
2024-09-06 11:57:02.286,f1f1030000000b009c6e04ffffffff000400
2024-09-06 11:57:02.387,f1f1030000000b009c6e04ffffffff000400
2024-09-06 11:57:02.488,f1f1030000000b009c6e04ffffffff000400
2024-09-06 11:57:02.589,f1f1030000000b009c6e04ffffffff000400
2024-09-06 11:57:02.690,f1f1030000000b009c6e04ffffffff000400
2024-09-06 11:57:02.792,f1f1030000000b009c6e04ffffffff000400
2024-09-06 11:57:02.892,f1f1030000000b009c6e04ffffffff000400
2024-09-06 11:57:02.993,f1f1030000000b009c6e04ffffffff000400
2024-09-06 11:57:03.094,f1f1030000000b009c6e04ffffffff000400
2024-09-06 11:57:03.196,f1f1030000000b009c6e04ffffffff000400
2024-09-06 11:57:03.297,f1f1030000000b009c6e04ffffffff000400
2024-09-06 11:57:03.398,f1f1030000000b009c6e04ffffffff000400
2024-09-06 11:57:03.499,f1f1030000000b009c6e04ffffffff000400
2024-09-06 11:57:03.600,f1f1030000000b009c6e04ffffffff000400
2024-09-06 11:57:03.701,f1f1030000000b009c6e04ffffffff000400
2024-09-06 11:57:03.802,f1f1030000000b009c6e04ffffffff000400
2024-09-06 11:57:03.903,f1f1030000000b009c6e04ffffffff000400
2024-09-06 11:57:04.003,f1f1030000000b009c6e04ffffffff000400
2024-09-06 11:57:04.104,f1f1030000000b009c6e04ffffffff000400
2024-09-06 11:57:04.206,f1f1030000000b009c6e04ffffffff000400
2024-09-06 11:57:04.306,f1f1030000000b009c6e04ffffffff000400
2024-09-06 11:57:04.407,f1f1030000000b009c6e04ffffffff000400
2024-09-06 11:57:04.508,f1f1030000000b009c6e04ffffffff000400
2024-09-06 11:57:04.609,f1f1030000000b009c6e04ffffffff000400
2024-09-06 11:57:04.710,f1f1030000000b009c6e04ffffffff000400
2024-09-06 11:57:04.811,f1f1030000000b009c6e04ffffffff000400
2024-09-06 11:57:04.912,f1f1030000000b009c6e04ffffffff000400
2024-09-06 11:57:05.012,f1f1030000000b009c6e04ffffffff000400
2024-09-06 11:57:05.113,f1f1030000000b009c6e04ffffffff000400
2024-09-06 11:57:05.214,f1f1030000000b009c6e04ffffffff000400
2024-09-06 11:57:05.316,f1f1030000000b009c6e04ffffffff000400
2024-09-06 11:57:05.416,f1f1030000000b009c6e04ffffffff000400
2024-09-06 11:57:05.518,f1f1030000000b009c6e04ffffffff000400
2024-09-06 11:57:05.618,f1f1030000000b009c6e04ffffffff000400
2024-09-06 11:57:05.720,f1f1030000000b009c6e04ffffffff000400
2024-09-06 11:57:05.821,f1f1030000000b009c6e04ffffffff000400
2024-09-06 11:57:05.921,f1f1030000000b009c6e04ffffffff000400
2024-09-06 11:57:06.022,f1f1030000000b009c6e04ffffffff000400
2024-09-06 11:57:06.123,f1f1030000000b009c6e04ffffffff000400
2024-09-06 11:57:06.224,f1f1030000000b009c6e04ffffffff000400
2024-09-06 11:57:06.324,f1f1030000000b009c6e04ffffffff000400
2024-09-06 11:57:06.425,f1f1030000000b009c6e04ffffffff000400
2024-09-06 11:57:06.526,f1f1030000000b009c6e04ffffffff000400
2024-09-06 11:57:06.627,f1f1030000000b009c6e04ffffffff000400
2024-09-06 11:57:06.727,f1f1030000000b009c6e04ffffffff000400
2024-09-06 11:57:06.829,f1f1030000000b009c6e04ffffffff000400
2024-09-06 11:57:06.929,f1f1030000000b009c6e04ffffffff000400
2024-09-06 11:57:07.030,f1f1030000000b009c6e04ffffffff000400
2024-09-06 11:57:07.131,f1f1030000000b009c6e04ffffffff000400
2024-09-06 11:57:07.232,f1f1030000000b009c6e04ffffffff000400
2024-09-06 11:57:07.333,f1f1030000000b009c6e04ffffffff000400
2024-09-06 11:57:07.434,f1f1030000000b009c6e04ffffffff000400
2024-09-06 11:57:07.534,f1f1030000000b009c6e04ffffffff000400
2024-09-06 11:57:07.635,f1f1030000000b009c6e04ffffffff000400
2024-09-06 11:57:07.736,f1f1030000000b009c6e04ffffffff000400
2024-09-06 11:57:07.837,f1f1030000000b009c6e04ffffffff000400
2024-09-06 11:57:07.938,f1f1030000000b009c6e04ffffffff000400
2024-09-06 11:57:08.040,f1f1030000000b009c6e04ffffffff000400
2024-09-06 11:57:08.141,f1f1030000000b009c6e04ffffffff000400
2024-09-06 11:57:08.242,f1f1030000000b009c6e04ffffffff000400
2024-09-06 11:57:08.343,f1f1030000000b009c6e04ffffffff000400
2024-09-06 11:57:08.444,f1f1030000000b009c6e04ffffffff000400
2024-09-06 11:57:08.545,f1f1030000000b009c6e04ffffffff000400
2024-09-06 11:57:08.647,f1f1030000000b009c6e04ffffffff000400
2024-09-06 11:57:08.747,f1f1030000000b009c6e04ffffffff000400
2024-09-06 11:57:08.848,f1f1030000000b009c6e04ffffffff000400
2024-09-06 11:57:08.949,f1f1030000000b009c6e04ffffffff000400
2024-09-06 11:57:09.050,f1f1030000000b009c6e04ffffffff000400
2024-09-06 11:57:09.151,f1f1030000000b009c6e04ffffffff000400
2024-09-06 11:57:09.252,f1f1030000000b009c6e04ffffffff000400
2024-09-06 11:57:09.353,f1f1030000000b009c6e04ffffffff000400
2024-09-06 11:57:09.454,f1f1030000000b009c6e04ffffffff000400
2024-09-06 11:57:09.555,f1f1030000000b009c6e04ffffffff000400
2024-09-06 11:57:09.655,f1f1030000000b009c6e04ffffffff000400
2024-09-06 11:57:09.756,f1f1030000000b009c6e04ffffffff000400
2024-09-06 11:57:09.857,f1f1030000000b009c6e04ffffffff000400
2024-09-06 11:57:09.958,f1f1030000000b009c6e04ffffffff000400
2024-09-06 11:57:10.059,f1f1030000000b009c6e04ffffffff000400
2024-09-06 11:57:10.160,f1f1030000000b009c6e04ffffffff000400
2024-09-06 11:57:10.261,f1f1030000000b009c6e04ffffffff000400
2024-09-06 11:57:10.362,f1f1030000000b009c6e04ffffffff000400
2024-09-06 11:57:10.463,f1f1030000000b009c6e04ffffffff000400
2024-09-06 11:57:10.563,f1f1030000000b009c6e04ffffffff000400
2024-09-06 11:57:10.664,f1f1030000000b009c6e04ffffffff000400
2024-09-06 11:57:10.765,f1f1030000000b009c6e04ffffffff000400
2024-09-06 11:57:10.866,f1f1030000000b009c6e04ffffffff000400
2024-09-06 11:57:10.966,f1f1030000000b009c6e04ffffffff000400
2024-09-06 11:57:11.068,f1f1030000000b009c6e04ffffffff000400
2024-09-06 11:57:11.169,f1f1030000000b009c6e04ffffffff000400
2024-09-06 11:57:11.270,f1f1030000000b009c6e04ffffffff000400
2024-09-06 11:57:11.371,f1f1030000000b009c6e04ffffffff000400
2024-09-06 11:57:11.472,f1f1030000000b009c6e04ffffffff000400
2024-09-06 11:57:11.573,f1f1030000000b009c6e04ffffffff000400
2024-09-06 11:57:11.673,f1f1030000000b009c6e04ffffffff000400
2024-09-06 11:57:11.774,f1f1030000000b009c6e04ffffffff000400
2024-09-06 11:57:11.875,f1f1030000000b009c6e04ffffffff000400
2024-09-06 11:57:11.976,f1f1030000000b009c6e04ffffffff000400
2024-09-06 11:57:12.076,f1f1030000000b009c6e04ffffffff000400
2024-09-06 11:57:12.177,f1f1030000000b009c6e04ffffffff000400
2024-09-06 11:57:12.278,f1f1030000000b009c6e04ffffffff000400
2024-09-06 11:57:12.379,f1f1030000000b009c6e04ffffffff000400
2024-09-06 11:57:12.480,f1f1030000000b009c6e04ffffffff000400
2024-09-06 11:57:12.581,f1f1030000000b009c6e04ffffffff000400
2024-09-06 11:57:12.681,f1f1030000000b009c6e04ffffffff000400
2024-09-06 11:57:12.782,f1f1030000000b009c6e04ffffffff000400
2024-09-06 11:57:12.884,f1f1030000000b009c6e04ffffffff000400
2024-09-06 11:57:12.984,f1f1030000000b009c6e04ffffffff000400
2024-09-06 11:57:13.085,f1f1030000000b009c6e04ffffffff000400
2024-09-06 11:57:13.186,f1f1030000000b009c6e04ffffffff000400
2024-09-06 11:57:13.287,f1f1030000000b009c6e04ffffffff000400
2024-09-06 11:57:13.388,f1f1030000000b009c6e04ffffffff000400
2024-09-06 11:57:13.488,f1f1030000000b009c6e04ffffffff000400
2024-09-06 11:57:13.589,f1f1030000000b009c6e04ffffffff000400
2024-09-06 11:57:13.690,f1f1030000000b009c6e04ffffffff000400
2024-09-06 11:57:13.790,f1f1030000000b009c6e04ffffffff000400
2024-09-06 11:57:13.891,f1f1030000000b009c6e04ffffffff000400
2024-09-06 11:57:13.992,f1f1030000000b009c6e04ffffffff000400
2024-09-06 11:57:14.093,f1f1030000000b009c6e04ffffffff000400
2024-09-06 11:57:14.194,f1f1030000000b009c6e04ffffffff000400
2024-09-06 11:57:14.295,f1f1030000000b009c6e04ffffffff000400
2024-09-06 11:57:14.396,f1f1030000000b009c6e04ffffffff000400
2024-09-06 11:57:14.497,f1f1030000000b009c6e04ffffffff000400
2024-09-06 11:57:14.598,f1f1030000000b009c6e04ffffffff000400
2024-09-06 11:57:14.699,f1f1030000000b009c6e04ffffffff000400
2024-09-06 11:57:14.800,f1f1030000000b009c6e04ffffffff000400
2024-09-06 11:57:14.902,f1f1030000000b009c6e04ffffffff000400
2024-09-06 11:57:15.002,f1f1030000000b009c6e04ffffffff000400
2024-09-06 11:57:15.104,f1f1030000000b009c6e04ffffffff000400
2024-09-06 11:57:15.204,f1f1030000000b009c6e04ffffffff000400
2024-09-06 11:57:15.306,f1f1030000000b009c6e04ffffffff000400
2024-09-06 11:57:15.406,f1f1030000000b009c6e04ffffffff000400
2024-09-06 11:57:15.507,f1f1030000000b009c6e04ffffffff000400
2024-09-06 11:57:15.609,f1f1030000000b009c6e04ffffffff000400
2024-09-06 11:57:15.710,f1f1030000000b009c6e04ffffffff000400
2024-09-06 11:57:15.810,f1f1030000000b009c6e04ffffffff000400
2024-09-06 11:57:15.911,f1f1030000000b009c6e04ffffffff000400
2024-09-06 11:57:16.012,f1f1030000000b009c6e04ffffffff000400
2024-09-06 11:57:16.113,f1f1030000000b009c6e04ffffffff000400
2024-09-06 11:57:16.214,f1f1030000000b009c6e04ffffffff000400
2024-09-06 11:57:16.315,f1f1030000000b009c6e04ffffffff000400
2024-09-06 11:57:16.415,f1f1030000000b009c6e04ffffffff000400
2024-09-06 11:57:16.516,f1f1030000000b009c6e04ffffffff000400
2024-09-06 11:57:16.617,f1f1030000000b009c6e04ffffffff000400
2024-09-06 11:57:16.718,f1f1030000000b009c6e04ffffffff000400
2024-09-06 11:57:16.819,f1f1030000000b009c6e04ffffffff000400
2024-09-06 11:57:16.919,f1f1030000000b009c6e04ffffffff000400
2024-09-06 11:57:17.020,f1f1030000000b009c6e04ffffffff000400
2024-09-06 11:57:17.121,f1f1030000000b009c6e04ffffffff000400
2024-09-06 11:57:17.222,f1f1030000000b009c6e04ffffffff000400
2024-09-06 11:57:17.322,f1f1030000000b009c6e04ffffffff000400
2024-09-06 11:57:17.424,f1f1030000000b009c6e04ffffffff000400
2024-09-06 11:57:17.525,f1f1030000000b009c6e04ffffffff000400
2024-09-06 11:57:17.626,f1f1030000000b009c6e04ffffffff000400
2024-09-06 11:57:17.727,f1f1030000000b009c6e04ffffffff000400
2024-09-06 11:57:17.828,f1f1030000000b009c6e04ffffffff000400
2024-09-06 11:57:17.929,f1f1030000000b009c6e04ffffffff000400
2024-09-06 11:57:18.030,f1f1030000000b009c6e04ffffffff000400
2024-09-06 11:57:18.131,f1f1030000000b009c6e04ffffffff000400
2024-09-06 11:57:18.231,f1f1030000000b009c6e04ffffffff000400
2024-09-06 11:57:18.333,f1f1030000000b009c6e04ffffffff000400
2024-09-06 11:57:18.433,f1f1030000000b009c6e04ffffffff000400
2024-09-06 11:57:18.534,f1f1030000000b009c6e04ffffffff000400
2024-09-06 11:57:18.635,f1f1030000000b009c6e04ffffffff000400
2024-09-06 11:57:18.736,f1f1030000000b009c6e04ffffffff000400
2024-09-06 11:57:18.837,f1f1030000000b009c6e04ffffffff000400
2024-09-06 11:57:18.937,f1f1030000000b009c6e04ffffffff000400
2024-09-06 11:57:19.038,f1f1030000000b009c6e04ffffffff000400
2024-09-06 11:57:19.139,f1f1030000000b009c6e04ffffffff000400
2024-09-06 11:57:19.240,f1f1030000000b009c6e04ffffffff000400
2024-09-06 11:57:19.340,f1f1030000000b009c6e04ffffffff000400
2024-09-06 11:57:19.442,f1f1030000000b009c6e04ffffffff000400
2024-09-06 11:57:19.542,f1f1030000000b009c6e04ffffffff000400
2024-09-06 11:57:19.643,f1f1030000000b009c6e04ffffffff000400
2024-09-06 11:57:19.744,f1f1030000000b009c6e04ffffffff000400
2024-09-06 11:57:19.845,f1f1030000000b009c6e04ffffffff000400
2024-09-06 11:57:19.946,f1f1030000000b009c6e04ffffffff000400
2024-09-06 11:57:20.047,f1f1030000000b009c6e04ffffffff000400
2024-09-06 11:57:20.147,f1f1030000000b009c6e04ffffffff000400
2024-09-06 11:57:20.248,f1f1030000000b009c6e04ffffffff000400
2024-09-06 11:57:20.349,f1f1030000000b009c6e04ffffffff000400
2024-09-06 11:57:20.450,f1f1030000000b009c6e04ffffffff000400
2024-09-06 11:57:20.552,f1f1030000000b009c6e04ffffffff000400
2024-09-06 11:57:20.652,f1f1030000000b009c6e04ffffffff000400
2024-09-06 11:57:20.753,f1f1030000000b009c6e04ffffffff000400
2024-09-06 11:57:20.854,f1f1030000000b009c6e04ffffffff000400
2024-09-06 11:57:20.955,f1f1030000000b009c6e04ffffffff000400
2024-09-06 11:57:21.055,f1f1030000000b009c6e04ffffffff000400
2024-09-06 11:57:21.156,f1f1030000000b009c6e04ffffffff000400
2024-09-06 11:57:21.257,f1f1030000000b009c6e04ffffffff000400
2024-09-06 11:57:21.358,f1f1030000000b009c6e04ffffffff000400
2024-09-06 11:57:21.460,f1f1030000000b009c6e04ffffffff000400
2024-09-06 11:57:21.561,f1f1030000000b009c6e04ffffffff000400
2024-09-06 11:57:21.662,f1f1030000000b009c6e04ffffffff000400
2024-09-06 11:57:21.763,f1f1030000000b009c6e04ffffffff000400
2024-09-06 11:57:21.864,f1f1030000000b009c6e04ffffffff000400
2024-09-06 11:57:21.965,f1f1030000000b009c6e04ffffffff000400
2024-09-06 11:57:22.066,f1f1030000000b009c6e04ffffffff000400
2024-09-06 11:57:22.167,f1f1030000000b009c6e04ffffffff000400
2024-09-06 11:57:22.268,f1f1030000000b009c6e04ffffffff000400
2024-09-06 11:57:22.369,f1f1030000000b009c6e04ffffffff000400
2024-09-06 11:57:22.470,f1f1030000000b009c6e04ffffffff000400
2024-09-06 11:57:22.572,f1f1030000000b009c6e04ffffffff000400
2024-09-06 11:57:22.672,f1f1030000000b009c6e04ffffffff000400
2024-09-06 11:57:22.773,f1f1030000000b009c6e04ffffffff000400
2024-09-06 11:57:22.874,f1f1030000000b009c6e04ffffffff000400
2024-09-06 11:57:22.975,f1f1030000000b009c6e04ffffffff000400
2024-09-06 11:57:23.076,f1f1030000000b009c6e04ffffffff000400
2024-09-06 11:57:23.177,f1f1030000000b009c6e04ffffffff000400
2024-09-06 11:57:23.278,f1f1030000000b009c6e04ffffffff000400
2024-09-06 11:57:23.379,f1f1030000000b009c6e04ffffffff000400
2024-09-06 11:57:23.479,f1f1030000000b009c6e04ffffffff000400
2024-09-06 11:57:23.580,f1f1030000000b009c6e04ffffffff000400
2024-09-06 11:57:23.681,f1f1030000000b009c6e04ffffffff000400
2024-09-06 11:57:23.782,f1f1030000000b009c6e04ffffffff000400
2024-09-06 11:57:23.883,f1f1030000000b009c6e04ffffffff000400
2024-09-06 11:57:23.983,f1f1030000000b009c6e04ffffffff000400
2024-09-06 11:57:24.084,f1f1030000000b009c6e04ffffffff000400
2024-09-06 11:57:24.185,f1f1030000000b009c6e04ffffffff000400
2024-09-06 11:57:24.286,f1f1030000000b009c6e04ffffffff000400
2024-09-06 11:57:24.387,f1f1030000000b009c6e04ffffffff000400
2024-09-06 11:57:24.488,f1f1030000000b009c6e04ffffffff000400
2024-09-06 11:57:24.589,f1f1030000000b009c6e04ffffffff000400
2024-09-06 11:57:24.690,f1f1030000000b009c6e04ffffffff000400
2024-09-06 11:57:24.791,f1f1030000000b009c6e04ffffffff000400
2024-09-06 11:57:24.892,f1f1030000000b009c6e04ffffffff000400
2024-09-06 11:57:24.993,f1f1030000000b009c6e04ffffffff000400
2024-09-06 11:57:25.094,f1f1030000000b009c6e04ffffffff000400
2024-09-06 11:57:25.195,f1f1030000000b009c6e04ffffffff000400
2024-09-06 11:57:25.296,f1f1030000000b009c6e04ffffffff000400
2024-09-06 11:57:25.397,f1f1030000000b009c6e04ffffffff000400
2024-09-06 11:57:25.498,f1f1030000000b009c6e04ffffffff000400
2024-09-06 11:57:25.599,f1f1030000000b009c6e04ffffffff000400
2024-09-06 11:57:25.700,f1f1030000000b009c6e04ffffffff000400
2024-09-06 11:57:25.801,f1f1030000000b009c6e04ffffffff000400
2024-09-06 11:57:25.902,f1f1030000000b009c6e04ffffffff000400
2024-09-06 11:57:26.003,f1f1030000000b009c6e04ffffffff000400
2024-09-06 11:57:26.104,f1f1030000000b009c6e04ffffffff000400
2024-09-06 11:57:26.205,f1f1030000000b009c6e04ffffffff000400
2024-09-06 11:57:26.305,f1f1030000000b009c6e04ffffffff000400
2024-09-06 11:57:26.407,f1f1030000000b009c6e04ffffffff000400
2024-09-06 11:57:26.508,f1f1030000000b009c6e04ffffffff000400
2024-09-06 11:57:26.609,f1f1030000000b009c6e04ffffffff000400
2024-09-06 11:57:26.709,f1f1030000000b009c6e04ffffffff000400
2024-09-06 11:57:26.811,f1f1030000000b009c6e04ffffffff000400
2024-09-06 11:57:26.912,f1f1030000000b009c6e04ffffffff000400
2024-09-06 11:57:27.012,f1f1030000000b009c6e04ffffffff000400
2024-09-06 11:57:27.113,f1f1030000000b009c6e04ffffffff000400
2024-09-06 11:57:27.214,f1f1030000000b009c6e04ffffffff000400
2024-09-06 11:57:27.315,f1f1030000000b009c6e04ffffffff000400
2024-09-06 11:57:27.416,f1f1030000000b009c6e04ffffffff000200
2024-09-06 11:57:27.517,f1f1030000000b009c6e04ffffffff000200
2024-09-06 11:57:27.619,f1f1030000000b009c6e04ffffffff000200
2024-09-06 11:57:27.719,f1f1030000000b009c6e04ffffffff000200
2024-09-06 11:57:27.820,f1f1030000000b009c6e04ffffffff000200
2024-09-06 11:57:27.921,f1f1030000000b009c6e04ffffffff000200
2024-09-06 11:57:28.022,f1f1030000000b009c6e04ffffffff000200
2024-09-06 11:57:28.123,f1f1030000000b009c6e04ffffffff000200
2024-09-06 11:57:28.224,f1f1030000000b009c6e04ffffffff000200
2024-09-06 11:57:28.325,f1f1030000000b009c6e04ffffffff000200
2024-09-06 11:57:28.427,f1f1030000000b009c6e04ffffffff000200
2024-09-06 11:57:28.528,f1f1030000000b009c6e04ffffffff000200
2024-09-06 11:57:28.630,f1f1030000000b009c6e04ffffffff000200
2024-09-06 11:57:28.731,f1f1030000000b009c6e04ffffffff000200
2024-09-06 11:57:28.832,f1f1030000000b009c6e04ffffffff000200
2024-09-06 11:57:28.933,f1f1030000000b009c6e04ffffffff000200
2024-09-06 11:57:29.034,f1f1030000000b009c6e04ffffffff000200
2024-09-06 11:57:29.134,f1f1030000000b009c6e04ffffffff000200
2024-09-06 11:57:29.236,f1f1030000000b009c6e04ffffffff000200
2024-09-06 11:57:29.336,f1f1030000000b009c6e04ffffffff000200
2024-09-06 11:57:29.437,f1f1030000000b009c6e04ffffffff000200
2024-09-06 11:57:29.538,f1f1030000000b009c6e04ffffffff000200
2024-09-06 11:57:29.640,f1f1030000000b009c6e04ffffffff000200
2024-09-06 11:57:29.741,f1f1030000000b009c6e04ffffffff000200
2024-09-06 11:57:29.842,f1f1030000000b009c6e04ffffffff000200
2024-09-06 11:57:29.942,f1f1030000000b009c6e04ffffffff000200
2024-09-06 11:57:30.043,f1f1030000000b009c6e04ffffffff000200
2024-09-06 11:57:30.144,f1f1030000000b009c6e04ffffffff000200
2024-09-06 11:57:30.245,f1f1030000000b009c6e04ffffffff000200
2024-09-06 11:57:30.346,f1f1030000000b009c6e04ffffffff000200
2024-09-06 11:57:30.447,f1f1030000000b009c6e04ffffffff000200
2024-09-06 11:57:30.548,f1f1030000000b009c6e04ffffffff000200
2024-09-06 11:57:30.649,f1f1030000000b009c6e04ffffffff000200
2024-09-06 11:57:30.750,f1f1030000000b009c6e04ffffffff000200
2024-09-06 11:57:30.851,f1f1030000000b009c6e04ffffffff000200
2024-09-06 11:57:30.951,f1f1030000000b009c6e04ffffffff000200
2024-09-06 11:57:31.052,f1f1030000000b009c6e04ffffffff000200
2024-09-06 11:57:31.153,f1f1030000000b009c6e04ffffffff000200
2024-09-06 11:57:31.254,f1f1030000000b009c6e04ffffffff000200
2024-09-06 11:57:31.354,f1f1030000000b009c6e04ffffffff000200
2024-09-06 11:57:31.456,f1f1030000000b009c6e04ffffffff000200
2024-09-06 11:57:31.556,f1f1030000000b009c6e04ffffffff000200
2024-09-06 11:57:31.658,f1f1030000000b009c6e04ffffffff000200
2024-09-06 11:57:31.759,f1f1030000000b009c6e04ffffffff000200
